Word,Count
*,545
:,375
**********************************************************************************************************************,252
void,152
Function,112
Description,110
Name:,110
Value,98
Return,97
Arguments,92
,90
=,74
By,65
Called,65
invalid,51
stall,38
},37
{,37
the,35
#define,28
&,28
reset,27
/,27
|,26
<<,26
LIN,25
for,24
and,24
-,24
else,22
모터,22
>=,21
data,20
~,20
4),19
is,19
None,19
2,18
function,18
(Case,18
chk,17
step,17
→,17
OPEN,17
모드,17
read,16
정지,16
to,16
if,16
test,15
write,15
This,15
4byte,15
2byte,15
및,15
//,14
&&,14
not,14
->,14
on,14
user,14
case,14
3,14
1,14
==,14
초기화,13
Main,13
4,13
<=,13
대기,13
Slave_TxData[4],13
Motor,13
0,13
code,13
(Step,12
generated,12
시,12
comment,12
if(fail_safety_step,12
here,12
Do,12
=========================================================================================,12
edit,12
Invalid,11
start,11
후,11
PPS,11
Check,11
동작,11
limitstep,11
체크,10
SPI,10
motor,10
interrupt,10
Step,10
AAF,10
Status,10
reception,10
진입,9
완료,9
CLOSE,9
timer,9
buffer,9
구동,9
다음,9
SX3k,9
진단,8
Fail-Safety,8
감지,8
따라,8
Timer,8
Variables,8
Sleep,8
0xFFU),8
Mode,8
600,8
Only,8
of,8
only,8
공통,8
160,8
15U),7
||,7
슬립,7
drv,7
5,7
Start,7
설정함,7
(원본,7
sx3k,7
dir,7
response,7
mode,7
ADC,7
상태,7
발생,7
MCU_DRVOFF,7
10),7
in,7
목표,7
Handles,7
invaild,7
setting,7
2),7
보호,7
Loop,7
checksum,7
error,7
또는,7
Protection,6
array,6
확인,6
시퀀스,6
or,6
스톨,6
Functions,6
detection,6
방향,6
Slave_TxData[5],6
MCU_DIR,6
위치,6
next_step,6
3분,6
logic,6
main,6
End,6
0),6
init,6
%,6
로직),6
MCU,6
0;,6
(uint8_t)((fail_safety_step,6
Communication,6
status,6
16U),6
10));,6
플래그,5
이동,5
Init_move,5
모터를,5
1:,5
최종,5
App_SwLogic,5
에러,5
((rx_16bit_spi[9],5
uint8_t,5
상태를,5
시작,5
Re_Init,5
next,5
3),5
Defines,5
position,5
Spi_Check,5
Renesas,5
위해,5
중,5
value,5
명령을,5
1ms,5
flag,5
단계로,5
(RW)CTRL,5
Direction,5
[Sequence,5
RPM,5
AAFx_Mode,5
Global,5
10s,5
all,5
(motor_stall_value,5
a,5
Condition,5
RLIN30,5
Thresholds,5
수행함,5
제어,5
사이클,5
도달,4
타겟,4
위치를,4
(motor_step_value,4
check,4
모드로,4
10,4
CCW,4
FailSafety_Mode,4
command,4
단계,4
Logic,4
move,4
135,4
145,4
change,4
ON;,4
slew,4
Clear,4
transmission,4
수행,4
6,4
direction,4
Type,4
LinSleep_Cycle2,4
by,4
software,4
드라이버,4
Sets,4
LinSleep_Cycle1,4
이동할,4
처리,4
Steps,4
실행,4
OF,4
lin,4
ID,4
acceleration,4
+,4
Safety,4
NOT,4
(R),4
2:,4
60,4
Lin_ReceiveComplete_Interrupt,4
설정,4
when,4
Motor_Action,4
Use,4
Group,4
조건,4
1),4
----------------------------------------------------------------------------,4
CW,4
bit,4
호출함,4
관련,4
store,4
내부,3
180,3
2.7,3
외부,3
0x3D,3
routine,3
AAFx_Position_Status,3
2.5,3
호출,3
스톨/타임아웃,3
0x3C,3
THIS,3
SpiCheck_Init,3
대한,3
포트,3
실패,3
Electronics,3
현재,3
motor_step_value--;,3
ON,3
SPI),3
>,3
7,3
Databuf_adr,3
Wait,3
variables,3
유닛에,3
executes,3
하드웨어,3
(adc_avr,3
Application,3
threshold,3
클럭,3
Open,3
수신,3
TAUB00,3
register,3
0x00;,3
Handle,3
1;,3
2.9,3
방지),3
준비,3
상태에서,3
Stall_Check,3
종료,3
CS,3
동작을,3
1us,3
2.6,3
enable,3
9,3
FOR,3
control,3
5),3
정상,3
get,3
completion,3
9),3
ICE,3
적절한,3
Data_length,3
length,3
The,3
통신,3
Corporation,3
protection,3
Fault,3
VREF,3
(G_Timer1ms.MotorAcceleration,3
Protection_Cycle2,3
(LIN,3
Low,3
Operate_Waiting,3
명령,3
MCU_DRV_SLEEP_MODE,3
Anti-Pinch,3
\0,\,3
Fail,3
2.3,3
G_Timer1ms.MotorAcceleration,3
파싱하고,3
receive,3
Transmission,3
RENESAS,3
Checks,3
Execution,3
여부를,3
r_Config_TAUB0_0_interrupt,3
AAF_App,3
timeout,3
action,3
Reception,3
ANY,3
(((motor_step_value,3
(360,3
service,3
2.4,3
시스템,3
&RLN30.LDBR1;,3
TO,3
uint32_t,3
Antipinch_Move,3
Case,3
WARRANTIES,3
때의,3
GPIO,3
Databuf_adr;,3
received,3
2.1,3
이동함,3
2.8,3
Flags,3
메인,3
this,3
OR,3
set,3
상태로,3
2.2,3
Lin_Sleep,3
communication,3
target,2
Sleep),2
Safety_Check,2
이전에,2
RLN30.LMD,2
(G_Timer1ms.InitCheck,2
Stall,2
changes,2
(OPEN,2
Wake-up,2
RH,2
차단,2
함수를,2
끼임이,2
space,2
V,2
1.2,2
variable,2
(stall_test_mode,2
결정된,2
NO,2
out),2
구동을,2
implements,2
MCU_LIN_SLEEP_MODE,2
modes,2
확인하고,2
(uint8_t)((((motor_stall_value,2
Memory,2
\4,\,2
normal,2
모듈,2
Voltage,2
used,2
auto,2
\interrupt,\,2
7),2
SUCH,2
Sends,2
initialize,2
Motor_SoftStart,2
StallCheck_Open,2
AAF3,2
0x00U);,2
HOME,2
\AAF1,2\,2
2],2
Action,2
commented,2
(1us,2
select,2
successful,2
AND,2
updates,2
MCU_STEP,2
타이머를,2
발생했을,2
Flash,2
Update,2
CTRL,2
(step_position_close,2
복구,2
리셋,2
정지함,2
Protection_Cycle1,2
3:,2
Metric,2
8000-13000,2
CLOSE),2
Classic,2
11628,2
Development,2
전원,2
macro,2
(Wake-up,2
Close,2
[8],2
\(Fail-safe,\,2
Slave,2
state,2
(Shadow,2
angle),2
\6,\,2
AAF_FULL_ANGLE;,2
트랜시버,2
(AAFx_Mode,2
Lin_HandleReceivedHeader,2
No,2
TX,2
ITS,2
드라이버를,2
전압,2
flash,2
(AAF_ProtectionMode_Rx,2
THE,2
DIAG,2
Interrupt,2
0xF1U;,2
6),2
>>,2
if(((adc_avr,2
range,2
mode;,2
시작함,2
(Pass),2
Diagnosis,2
수신된,2
Power,2
FUCYC,2
noise,2
transmit,2
데이터,2
확정,2
정지하고,2
타이머,2
Info,2
\reset,\,2
FS_Cycle3,2
0x02);,2
completed,2
USED,2
Enables,2
복귀,2
고장,2
함수,2
30%,2
[6],2
Get,2
Manage,2
Header,2
b4-b0=Data_length:,2
업데이트함,2
12000//11000-18500,2
START,2
[Cycle,2
FTS,2
step_position_open),2
ALL,2
flags,2
Enhanced,2
자동,2
전류,2
Movement,2
RH_TYPE;,2
\(Pass),\,2
stop,2
b5=0,2
transmission/reception,2
Slave_TxData[3],2
---,2
Hardware,2
additional,2
AAFx_Index,2
VER,2
Control,2
Tbits,2
margin,2
byte,2
checking,2
ADC_OVER_VOLTAGE_16V),2
G_Timer1msFlag.External10sCheckFlag,2
\SOFTWARE,\,2
LinSleep_CheckCompletion,2
HW,2
1],2
Checksum,2
Counters),2
based,2
Response,2
200U),2
LH,2
Reset,2
Timers,2
변수,2
LIOS,2
도착,2
Mode)을,2
r_main_userinit,2
FUNDC,2
명령(lin_aaf_command)을,2
RLN30.LDFC,2
루틴을,2
200),2
(uint8_t)(((((rx_16bit_spi[9],2
있을,2
플래그를,2
filter,2
진입함,2
current,2
Logic),2
RAM),2
ADC_OVER_VOLTAGE_18V)),2
0xF2U;,2
DAMAGES,2
lengh,2
1차,2
Buffers,2
Polling),2
Voltage),2
\5,\,2
original,2
/*b5=1:enhanced,2
obd,2
0x01U);,2
Antipinch,2
off,2
G_Timer1msFlag.InitFailCheckFlag,2
전환함,2
여부,2
b5=1,2
are,2
processing,2
AAF_location_type,2
8,2
해석하여,2
기능이,2
initialized,2
100),2
Deep,2
Calculate,2
conditions,2
Wakeup,2
MOTOR_STALL),2
(ON/OFF),2
이탈,2
initialization,2
결정함,2
operation,2
Stop,2
재시도를,2
Faults,2
baud,2
memory,2
100U),2
Calibration_chk);,2
확인하여,2
0xF0U;,2
using,1
(Under,1
2610,1
회피,1
LIMP,1
전환,1
1566U,1
include,1
\STATUTORY,\,1
STEP_TIME_1250RPM),1
transaction,1
더,1
Active,1
포지션을,1
associated,1
is_response_received,1
4.6,1
now,1
확정하고,1
0x20;,1
(2us),1
0.2,1
IF,1
delay,1
DISCLAIMER,1
누설,1
frame,1
\RTS=1,response\,1
(uint8_t)((AAFx_Type,1
스톨(Stall),1
2627U,1
accessing,1
RLIN_Slave_Init(void),1
AAFx_Position+evrdy,1
1));,1
Machine),1
stroke,1
high_limit,1
3.0,1
Handler,1
1548,1
dir:,1
Lin_SlaveReceive(void),1
upon,1
\Run_fs_cycle_1_reinit,\,1
Baud,1
laws,1
performs,1
ADC_OVER_VOLTAGE_16V,1
\Run_fs_cycle_2_open,\,1
Version,1
\ENGINE,\,1
[4],1
SpiCheck_Delay,1
3.5,1
(즉시,1
감지된,1
retry_step:,1
방향으로,1
경우,1
******************************************************************************,1
(uint8_t)((init_move_step,1
GO,1
모든,1
3101,1
3183,1
relevant,1
호출하고,1
(Ready,1
레지스터,1
Wake,1
POSSIBILITY,1
LinSleep_Reset,1
3521,1
Run_fs_cycle_2_complete,1
BUT,1
limit,1
ADC_VOLTAGE_14_5V,1
entry,1
after,1
within,1
power,1
켜져,1
INCIDENTAL,1
핀을,1
Lin_RxCheck,1
Error_Check,1
Opeation,1
0xC0U),1
위한,1
4.0,1
detailed,1
is_case0,1
1700,1
STEP_TIME_1125RPM,1
without,1
0x03;,1
(구동,1
protected,1
19230,1
초기화하며,1
0x25,1
\상황),\,1
\(State,\,1
generate,1
해제,1
(정상,1
slave,1
entire,1
100)),1
260123,1
임계값,1
STALL_CNT_DEFAULT;,1
AAF_1ST_OPEN_ANGLE,1
여기서,1
전,1
pin,1
Operate_DiagAction,1
전반부(준비),1
Unlock,1
전환하는,1
Calculation,1
절차를,1
[Final,1
on),1
Extern,1
\IS"\\,1
55000U,1
Lin_Wakeup,1
550ms),1
RxData,1
90U,1
Operate_NomalAction,1
3170U,1
RELATED,1
Processing),1
895,1
중,,1
Software,1
\설정하고,\,1
Transitions,1
Processes,1
currently,1
size,1
ADC_VOLTAGE_11_5V,1
10~12),1
2939,1
seting,1
방지,1
(OBD,1
대기를,1
AFFILIATED,1
Operate_DiagProcess,1
steps,1
0)&&(motor_start==off)),1
최대,1
((ReqAAF1DiagMode,1
IS,1
넘길지,1
\MERCHANTABILITY,\,1
끔,1
\INDIRECT,\,1
SOFTWARE,1
때,1
파싱된,1
//ADC_OVER_VOLTAGE,1
EXTERNAL_TYPE,1
FALSE:,1
states,1
Protection_OffMode,1
(타임아웃),1
abnormal,1
메모리에,1
out,1
//ADC_VOLTAGE,1
모드의,1
Received),1
LinSleep_Final,1
break,1
STEP_TIME_1000RPM),1
\설정,\,1
(ID,1
ADC_UNDER_VOLTAGE_8_5V,1
비트만,1
27~28,1
12의,1
일반,1
동작(Open/Close)을,1
Lin_SlaveTransmit(void),1
motor_step_value,1
(Action,1
코드(DTC),1
\구동하고,\,1
ADC_UNDER_VOLTAGE,1
Dispatcher,1
Received,1
transceiver,1
한,1
\node,\,1
STOP,1
저전압,1
Step_InitAndCheck,1
[3],1
\received,\,1
uses,1
address,1
STEP_TIME_1500RPM),1
3070U,1
//jdy_test,1
1769U,1
모드(Deep,1
[1],1
해석),1
Drive,1
inter-byte,1
ADC_VOLTAGE_14V,1
3112,1
Cycle],1
Motor_StagedSoftStart,1
500ms,1
logic),1
DRV_Off();,1
Typo,1
이벤트,1
Watchdog,1
\2,\,1
AAF별,1
(uint8_t)((AAF_ProtectionMode_Tx,1
open_1st_step_position,1
limits,1
DISCLAIMED.TO,1
Name,1
FS_MotorOpenStart,1
9.5/10,1
Operate_SetupAutoAction,1
저장,1
target_select,1
General,1
12000U,1
(Over,1
McuSleep_PortConfig,1
2203,1
쇼트/오픈,1
최종적으로,1
AAF_3;,1
열림/닫힘,1
반복,1
((motor_stall_flag,1
1번,1
soft-start,1
1271,1
瑜섏젣,1
12,1
Copyright,1
Width,1
standard,1
1679,1
evrdy,1
(주석,1
PROHIBITED,1
(ReqAAF2DiagMode,1
완료를,1
High,1
Init_CheckLimitArrival,1
\laws,\,1
3513,1
(uint8_t)(((motor_stall_value,1
요청된,1
Load),1
시작하고,1
REASON,1
I/O,1
hold,1
반대,1
thresholds,1
EVEN,1
3758,1
no-response,1
652,1
under,1
Lin_HandleReceivedResponse,1
처리함,1
Next,1
Protection_StallCheck,1
파싱,1
STEP_TIME_1575RPM)),1
자동(Auto),1
http://www.renesas.com/disclaimer,1
1.7,1
POWER,1
Safety),1
Open),1
스텝,1
1.9,1
연속,1
받아,1
4],1
(uint8_t)((TotalNumOfAAF,1
go,1
순차적으로,1
Operate_Init,1
NON-INFRINGEMENT,1
!=,1
모드)를,1
ohm,1
(AAFx_Circuit_Short,1
up,1
Lin_CheckAAF3RxData,1
Error_CheckShort,1
Lin_ClearDataBuffer,1
2119,1
1bit,1
POSITION_MAXIMUM_RANGE,1
McuSleep_ExternalOff,1
2847U,1
OBD1,1
MCU_LIN_Tx_Low,1
(init_move_step,1
retry_step;,1
Anti-Pinch(끼임,1
2069U,1
Re_Init()을,1
[0],1
Move),1
CORPORATION,1
인터럽트,1
세팅,1
0x01;,1
있는,1
clear,1
액션,1
[5],1
5:,1
configuration,1
SW,1
구동함,1
정지하거나,1
<,1
2821U,1
ADC_VOLTAGE_11V,1
b4=0:Reception*/,1
position+evrdy,1
Refresh,1
safety,1
buff,1
(Fast,1
Antipinch_PrevOpen,1
프로세스를,1
꺼져,1
[7],1
short,1
StallCheck_UpdateCounter,1
3E,1
732,1
1.8,1
2858,1
Sensor...etc),1
데이터(Slave_RxData1)를,1
occurrence,1
방향을,1
2차,1
FDL/LIMP,1
RTS=1;Response,1
공통),1
(Operating_mode),1
4.2,1
OBD2,1
AAF_App(),1
(uint8_t)((protection_Mode_step,1
1681,1
검증용,1
등),1
ADVISED,1
Set,1
Monitor,1
Motor_GenerateStepPulse,1
30000,1
InitMove_Cycle2,1
3267,1
LinSleep_ParsingCommand,1
(0:,1
wakeup,1
변경사항,1
transactions,1
40),1
timers,1
SpiCheck_SendCommand,1
활성화,1
MAXIMUM,1
0x02),1
discontinue,1
not),1
1850U,1
1.6v,1
1058,1
CONSEQUENTIAL,1
External,1
4.9,1
that,1
3.6,1
성공,1
FS_Wait3m,1
스톨(모터,1
Initialization,1
Range),1
LIMITSTEP_MAXIMUM_RANGE,1
정리하고,1
PCB,1
10의,1
*****************************************************************************,1
(((AAFx_Mode,1
1bit;Response,1
12),1
failure,1
send/receive,1
2283,1
모드(Sleep),1
Error_CheckAfterIGN,1
FS_CheckStallStop,1
\On,\,1
load,1
7의,1
FS_ReInit,1
Protection_UpdateFinal,1
legacy,1
pragma,1
1262U,1
MAKES,1
LIABLE,1
commands,1
오픈,1
범위(Range),1
BY,1
데이터를,1
(C),1
started),1
Process_init_step_10_to_15,1
stall_cnt--;,1
Antipinch_PrevClose,1
AAFx_Position_Status+AAFx_InitStatus,1
과전압,1
StallCheck_Close,1
\LinSleep_Reset,\,1
호출하는,1
agree,1
OPEN_1ST,1
글로벌,1
ADC_VOLTAGE_14_7V,1
1.0.151,1
SpiCheck_HandleData,1
2587U,1
found,1
11,1
Run_fs_final_open,1
Helper,1
\mode,\,1
Protection_StartMotor,1
FS_FinalErrorSet,1
\전압,\,1
전력,1
REGARDING,1
Process_init_step_0_to_9,1
1)),1
\Test,\,1
copyright,1
종료되었거나,1
마진(Limit),1
calculating,1
BEEN,1
sync,1
LEST,1
\Run_fs_cycle_1_stall,\,1
ON),1
1.6,1
450PPS(3600),1
4.5,1
(AAFx_Over_Volt,1
Close),1
5%,1
?븯?쐞,1
\Bus,\,1
(Currently,1
ADC_VOLTAGE_14_4V,1
Init_Delay,1
이동(Init,1
5000U),1
Monitors,1
Includes,1
BE,1
\Run_fs_cycle_1_open,\,1
EXTENT,1
3번,1
Lin_CheckAAF2RxData,1
adds,1
AFTER,1
DTC,1
한계치(Max,1
28U,1
moving,1
(uint8_t)((((rx_16bit_spi[9],1
ADC),1
6)),1
2036,1
사이클과,1
변수를,1
?占쏙옙?占쏙옙?占쏙옙,1
Variable,1
\드라이버,\,1
wait,1
2777,1
reserves,1
condition),1
STEP_POSITION_MAXIMUM_RANGE,1
1700U,1
(Header/Response,1
Provides,1
Protection_Mode,1
Lin,1
AAF_2;,1
softstart_complete,1
대비,1
Run_fs_cycle_2_reinit,1
Error_CheckOpen,1
Communication_Check,1
FS_Cycle2,1
(Previously,1
STALL_CNT_DEFAULT),1
\Process_init_step_0_to_9,\,1
동작이,1
Sleep을,1
System,1
perform,1
이전,1
1467,1
address*/,1
IMPLIED,1
checks,1
(G_Timer1ms.StallCheck,1
2781U,1
주변장치,1
validating,1
2761U,1
(stall_cnt,1
Management,1
rate=,1
App_MotorAction,1
open_2nd_step_position,1
Bus,1
following,1
15500U,1
재설정,1
parameters,1
FS_CheckInitComplete,1
databuf,1
100,1
(unsigned,1
Diag_Mode_Exit();,1
걸림),1
UP,1
8);,1
\"\AS\,1
0.9,1
1874,1
including,1
후반부(동작),1
Run_fs_cycle_2_wait,1
6U);,1
오토,1
Waits,1
[진입점],1
Cycle,1
위치(step_position)와,1
진입점,1
availability,1
2801U,1
software-level,1
loop,1
AAF_WAITING,1
비교하여,1
입/출력으로,1
Declarations,1
진입하기,1
(Diag_Mode_chk,1
mode:,1
spi_fail,1
40M,1
통신으로,1
counter,1
implementing,1
(AAF_Tx_Position,1
(Close,1
make,1
Operate_Finish,1
NEITHER,1
Mode로,1
드라이버의,1
Obd_PositionStat3();,1
RLN30.LWBR,1
(ANGLE,1
타입(일반/진단)에,1
방향에,1
줄이기,1
Init_StartMotor,1
Ignition,1
LinSleep_StartMotor,1
Codes,1
open,1
(129+1),1
[Legacy,1
receiving,1
[30],1
3217,1
[10](R),1
Operate_CheckRange,1
Release,1
ADC_VOLTAGE_9_5V,1
ADC_UNDER_VOLTAGE_7V,1
3.7,1
LinSleep_Delay,1
로직,1
OPEN)),1
4800)),1
Lin_UpdateCommand,1
\LAW,\,1
supplied,1
SpiCheck_Delay2,1
\SPECIAL,\,1
enabled;,1
(TRUE:,1
초기화가,1
3923,1
추가,1
(AAFx_Motor_Fault,1
저전력,1
Close_Status;,1
Clamp,1
번,1
InitMove_Cycle1,1
Data,1
1.1,1
Action(OPEN/CLOSE)에,1
깨우고,1
owned,1
초기,1
Types,1
상태(ON/OFF)에,1
terms,1
\drive,\,1
functions,1
detected,1
Not,1
EXPRESSLY,1
TRUE,1
1793,1
체크하고,1
ON)),1
Open_Status;,1
Toggles,1
step(5%),1
r_cg_main.c,1
Position,1
8의,1
Prescaler,1
counter/flag,1
Lin_CalculateVerifyChecksum,1
header,1
executing,1
과정을,1
MCU가,1
\요청,\,1
started,1
(open,1
Perform,1
감지를,1
Mode_Check,1
ADC_UNDER_VOLTAGE_9V,1
11의,1
All,1
3480U,1
R7F701695,1
일반적인,1
1304,1
수행하고,1
Timing,1
common),1
Monitoring,1
1250RPM),1
ADC_VOLTAGE_13_8V,1
\R_Config_ADCA0_ScanGroup1_GetResult(&bat_adc,\,1
(Start,1
\Run_fs_cycle_1_complete,\,1
global,1
Fault가,1
상황),1
adding,1
wake-up,1
2527,1
AAF_OPERATE,1
신호를,1
\Acceleration,\,1
Fail-Safety_Mode,1
3115,1
against,1
상태(저전압/과전압)를,1
new,1
여부에,1
ADC_VOLTAGE_14_6V,1
3593,1
order,1
SpiCheck_ExecuteVoltageChange,1
2171U,1
\software,\,1
(AAFx_Index,1
FDL_H,1
소모를,1
4096,1
3841,1
ADC_VOLTAGE_13_7V,1
따른,1
4.7,1
ADC_VOLTAGE_10V,1
INCLUDING,1
클럭을,1
시도),1
단계(step)에,1
complete,1
설정을,1
Operating_Mode,1
동일한,1
\7,\,1
link:,1
(1000RPM,1
3215,1
\(IGN,\,1
MCU_Sleep,1
연결된,1
Compares,1
분기,1
McuSleep_InternalModuleStop,1
date,1
SPI_chk,1
단계(aaf_step)에,1
reponse,1
필요,1
ADC_OVER_VOLTAGE_16_5V,1
Device(s),1
(t,1
975,1
EXACT,1
pulses,1
Lin_SlaveNoResponse(void),1
컨트롤러,1
Motor_ManageStartStatus,1
update,1
Operate_HandleStall,1
STEP_TIME_1250RPM)),1
;LIN,1
14),1
(wakeup_chk,1
활성화함,1
movement,1
변수들을,1
learned,1
ADC_VOLTAGE_12V,1
G_Timer1ms.InitFailCheck,1
15,1
LIMITED,1
sleep,1
counts,1
초기화함,1
request,1
\결함,\,1
intended,1
재설정함,1
Waiting,1
Error_CheckMotorFault,1
lower,1
요청,1
MAX,1
2번,1
RLN3nLTRC,1
정지),1
모듈)의,1
4500U)),1
핀,1
Operate_CheckCondition,1
with,1
Stop)로,1
500PPS(4000),1
bps,1
3431,1
applicable,1
450PPS,1
\notice,\,1
\OPEN,\,1
G_Timer1msFlag.InitCheckFlag,1
before,1
Init_MoveLimitPosition,1
(Open,1
PERMITTED,1
0x30;,1
1267,1
\LNRR=1,\,1
모니터링함,1
Factors,1
PULL,1
Signal,1
1627,1
(auto,1
ADC_VOLTAGE_13_5V,1
STEP_TIME_1500RPM)),1
1386,1
related,1
AAFx_Position,1
0x01),1
authorized,1
\CLOSE,\,1
\타이머,\,1
AFFILIATES,1
단계별로,1
ON/OFF,1
FITNESS,1
(ReqAAF3DiagMode,1
FDL_Write();,1
(header,1
3.3,1
\Comms,\,1
Operate_SetupAction,1
강제,1
기록,1
복귀함,1
SHALL,1
END,1
하드웨어(모터,1
\구동할지,\,1
reach,1
RLIN,1
복사함,1
(timeout),1
(Max,1
PURPOSE,1
some,1
Protection_Delay,1
0.8v,1
(Always,1
쇼트,1
next_step:,1
primary,1
\supply,baud\,1
0에만,1
(누설,1
?긽?쐞,1
OBD3,1
4sampling_1/4,1
ADC_VOLTAGE_14_8V,1
상태(AAF_WAITING)로,1
30default,1
\EXPRESS,\,1
R_Config_INTC_INTP5_Start();,1
DEFAULT,1
monitoring,1
3.2,1
rights,1
setup,1
Static,1
stall_cnt,1
\Run_fs_cycle_2_stall,\,1
3524,1
McuSleep_DeepStop,1
Macro,1
VECHILE,1
기능,1
1139,1
쇼트(과전류),1
(최후,1
other,1
끼임(Anti-Pinch),1
Idle,1
13),1
(while(1)),1
V1.2,1
1.0,1
ADC_UNDER_VOLTAGE_9V)),1
COMPANIES,1
IGN/HEV,1
813,1
ADC_OVER_VOLTAGE_18V,1
Fixed:,1
you,1
b4=1:transmission*/,1
Lin_TranslateRxData,1
(초기화,1
AAFx_InitStatus,1
is_auto,1
\0X81=129D,\,1
0C3A,1
업데이트한,1
8)),1
Proteciton_Reset,1
AAF_Tx_Position);,1
MODEL,1
start/stop,1
3.8,1
CHK_external_factors();,1
init_move_step,1
3674,1
\3,\,1
G_Timer1msFlag.StallTimeFlag,1
1차/2차/최종,1
Protection),1
angle)),1
ADC_VOLTAGE_10_5V,1
\StallCheck_Close,\,1
Operate_NomalProcess,1
?占쏙옙,1
Specifics,1
2681U,1
[2],1
NOR,1
\25,\,1
1576,1
변경,1
count,1
\1,\,1
2641U,1
\right,\,1
멈춤,1
2024,1
버퍼(ID_chk_rxdata)로,1
rate),1
SLEEP,1
Preserved],1
STEP_TIME_1575RPM),1
Comment,1
Manages,1
 ,1
Frame/Wake-up,1
체크함,1
준비를,1
업데이트,1
2694,1
분기를,1
2273U,1
2447,1
각종,1
ReqRespAAFID,1
360),1
\확인하고,\,1
동안,1
4003,1
(uint8_t)((0xF0U),1
시퀀스(학습,1
10us,1
3],1
결함,1
Slave_TxData[0],1
A,1
전체,1
File,1
0x26,1
3349,1
current_value);,1
ARE,1
4.1,1
\Step,\,1
구동하고,1
3.4,1
전까지,1
등)를,1
1224,1
1.4,1
마지막,1
3020,1
0C36,1
rate,1
1100,1
By:,1
완료된,1
more,1
frame),1
250,1
요청에,1
Sensors,1
머신(State,1
\Run_fs_cycle_1_wait,\,1
(AAFx_Low_Volt,1
비정상적으로,1
WHETHER,1
4)),1
LinSleep_StopMotorAndReset,1
Protection_OnMode,1
file,1
Change,1
\Rx/Tx,\,1
15default,1
\(Normal,\,1
\Antipinch,\,1
0.8,1
//변경사항,1
time,1
Slave_TxData[1],1
\(Modes,\,1
1950U,1
타임아웃,1
유지),1
3.9,1
(Stall,1
uint8_t*,1
x,1
(Leakage,1
Exit,1
between,1
CHECK,1
\rate,ect\,1
Error_CheckVoltage,1
adc_data,1
4.3,1
int)((Slave_RxData1[0],1
if(((motor_stall_flag,1
보호를,1
단선(Open,1
\2018,\,1
PARTICULAR,1
0x02;,1
1.3,1
동작(Diagnostic,1
준비),1
((adc_avr,1
ms,1
AAF_Init,1
executed,1
HAVE,1
Generation),1
/*,1
모드용으로,1
PROVIDED,1
FS_Cycle1,1
5],1
t*10000,1
STEP_TIME_1575RPM;,1
Init_StallCheck,1
initializes,1
1667U,1
50ms,1
검증하고,1
1955,1
FAULT,1
설정하여,1
close,1
(Obd_Position_Turn,1
voltage,1
모니터링하고,1
clock,1
5us,1
Antipinch),1
2887U,1
AAF_2ST_OPEN_ANGLE,1
Select,1
AAFx_InitStatus);,1
word(2byte),1
실패(Zero),1
STEP_POSITION_MINIMUM_RANGE,1
50ms),1
[9],1
tansmission,1
MCU를,1
Slave_TxData[2],1
while,1
시도,1
upper,1
4.4,1
\DIRECT,\,1
use,1
Operate_Action,1
생성기를,1
유지,1
기능을,1
ADC_UNDER_VOLTAGE_7V),1
동작(Normal,1
\(OPEN,\,1
플래시,1
4.8,1
2366,1
반복함,1
low_limit,1
Pragma,1
Generate,1
active,1
Error,1
Low로,1
Lin_GetReponseRxData,1
DIRECTION,1
전,,1
Lin_CheckAAF1RxData,1
실행할,1
products,1
1.5,1
Operation,1
avriable,1
(Slow,1
1711,1
(!INTC1.ICADCA0I0.BIT.RFADCA0I0),1
100ms,1
ELECTRONICS,1
0x03)),1
directive,1
reserved,1
해당,1
Run_fs_final_stall,1
Operate_Process,1
(AAFx_Circuit_Open,1
fail_safety_flag,1
(G_Timer1ms.InitFailCheck,1
ADC_VOLTAGE_15V,1
first,1
level,1
시스템의,1
2.0,1
\8,\,1
위치(target_select)에,1
9의,1
전환하여,1
플래그(Diag_Mode)를,1
\주변장치(ADC,\,1
AAF_FULL_ANGLE,1
4:,1
3.1,1
1578,1
끄고,1
