File,LOC,SLOC-P,SLOC-L,MVG,BLOC,C&SLOC,CLOC,CWORD,HCLOC,HCWORD
C:\Users\admin\Desktop\5_AAF\SX3k\SX3k_SW\src\smc_gen\general\App\r_cg_main.c,181,66,50,1,34,4,81,535,32,252
C:\Users\admin\Desktop\5_AAF\SX3k\SX3k_SW\src\smc_gen\general\App\Config\Config.h,361,317,311,0,29,3,15,80,0,0
C:\Users\admin\Desktop\5_AAF\SX3k\SX3k_SW\src\smc_gen\general\App\Config\Define.h,378,186,3,2,73,29,119,435,0,0
C:\Users\admin\Desktop\5_AAF\SX3k\SX3k_SW\src\smc_gen\general\App\Config\Config.c,326,283,244,0,31,26,12,143,0,0
C:\Users\admin\Desktop\5_AAF\SX3k\SX3k_SW\src\smc_gen\general\App\Driver\Dio.h,11,6,2,0,5,0,0,0,0,0
C:\Users\admin\Desktop\5_AAF\SX3k\SX3k_SW\src\smc_gen\general\App\Driver\Drv8889.h,26,17,13,0,9,0,0,0,0,0
C:\Users\admin\Desktop\5_AAF\SX3k\SX3k_SW\src\smc_gen\general\App\Driver\Lin_Driver.h,16,10,6,0,6,0,0,0,0,0
C:\Users\admin\Desktop\5_AAF\SX3k\SX3k_SW\src\smc_gen\general\App\Driver\Dio.c,13,9,4,0,4,2,0,2,0,0
C:\Users\admin\Desktop\5_AAF\SX3k\SX3k_SW\src\smc_gen\general\App\Driver\Drv8889.c,148,126,81,13,21,19,1,21,0,0
C:\Users\admin\Desktop\5_AAF\SX3k\SX3k_SW\src\smc_gen\general\App\Driver\Lin_Driver.c,190,108,76,5,23,27,59,448,0,0
C:\Users\admin\Desktop\5_AAF\SX3k\SX3k_SW\src\smc_gen\general\App\ISR\Lin_Interrupt.h,16,10,4,0,6,0,0,0,0,0
C:\Users\admin\Desktop\5_AAF\SX3k\SX3k_SW\src\smc_gen\general\App\ISR\Lin_Interrupt.c,115,74,47,7,12,7,29,159,0,0
C:\Users\admin\Desktop\5_AAF\SX3k\SX3k_SW\src\smc_gen\general\App\Sensing\Adc_Check.h,13,6,2,0,7,0,0,0,0,0
C:\Users\admin\Desktop\5_AAF\SX3k\SX3k_SW\src\smc_gen\general\App\Sensing\Stall_Check.h,15,8,4,0,7,0,0,0,0,0
C:\Users\admin\Desktop\5_AAF\SX3k\SX3k_SW\src\smc_gen\general\App\Sensing\Adc_Check.c,141,106,67,13,27,1,8,10,0,0
C:\Users\admin\Desktop\5_AAF\SX3k\SX3k_SW\src\smc_gen\general\App\Sensing\Stall_Check.c,118,66,29,7,8,0,44,217,0,0
C:\Users\admin\Desktop\5_AAF\SX3k\SX3k_SW\src\smc_gen\general\App\Service\AntiPinch.h,14,7,3,0,7,0,0,0,0,0
C:\Users\admin\Desktop\5_AAF\SX3k\SX3k_SW\src\smc_gen\general\App\Service\Error_Check.h,20,12,8,0,8,0,0,0,0,0
C:\Users\admin\Desktop\5_AAF\SX3k\SX3k_SW\src\smc_gen\general\App\Service\FailSafety_Mode.h,22,14,10,0,8,0,0,0,0,0
C:\Users\admin\Desktop\5_AAF\SX3k\SX3k_SW\src\smc_gen\general\App\Service\Fdl.h,15,9,3,0,6,1,0,2,0,0
C:\Users\admin\Desktop\5_AAF\SX3k\SX3k_SW\src\smc_gen\general\App\Service\Init_Move.h,19,13,9,0,6,0,0,0,0,0
C:\Users\admin\Desktop\5_AAF\SX3k\SX3k_SW\src\smc_gen\general\App\Service\Limp_Home.h,14,5,1,0,9,0,0,0,0,0
C:\Users\admin\Desktop\5_AAF\SX3k\SX3k_SW\src\smc_gen\general\App\Service\Lin_Check.h,23,16,12,0,7,0,0,0,0,0
C:\Users\admin\Desktop\5_AAF\SX3k\SX3k_SW\src\smc_gen\general\App\Service\Lin_Service.h,14,9,4,0,5,0,0,0,0,0
C:\Users\admin\Desktop\5_AAF\SX3k\SX3k_SW\src\smc_gen\general\App\Service\Lin_Sleep.h,26,19,15,0,7,0,0,0,0,0
C:\Users\admin\Desktop\5_AAF\SX3k\SX3k_SW\src\smc_gen\general\App\Service\Motor.h,20,14,10,0,6,0,0,0,0,0
C:\Users\admin\Desktop\5_AAF\SX3k\SX3k_SW\src\smc_gen\general\App\Service\Obd_Check.h,27,20,16,0,7,0,0,0,0,0
C:\Users\admin\Desktop\5_AAF\SX3k\SX3k_SW\src\smc_gen\general\App\Service\Operating_Mode.h,28,22,18,0,6,0,0,0,0,0
C:\Users\admin\Desktop\5_AAF\SX3k\SX3k_SW\src\smc_gen\general\App\Service\Protection_Mode.h,18,12,8,0,6,0,0,0,0,0
C:\Users\admin\Desktop\5_AAF\SX3k\SX3k_SW\src\smc_gen\general\App\Service\Re_Init.h,14,8,4,0,6,0,0,0,0,0
C:\Users\admin\Desktop\5_AAF\SX3k\SX3k_SW\src\smc_gen\general\App\Service\Service.h,35,27,5,0,8,0,0,0,0,0
C:\Users\admin\Desktop\5_AAF\SX3k\SX3k_SW\src\smc_gen\general\App\Service\Spi_Check.h,19,12,8,0,7,0,0,0,0,0
C:\Users\admin\Desktop\5_AAF\SX3k\SX3k_SW\src\smc_gen\general\App\Service\AntiPinch.c,408,318,234,33,62,0,28,122,0,0
C:\Users\admin\Desktop\5_AAF\SX3k\SX3k_SW\src\smc_gen\general\App\Service\Error_Check.c,370,305,195,37,25,3,40,188,0,0
C:\Users\admin\Desktop\5_AAF\SX3k\SX3k_SW\src\smc_gen\general\App\Service\FailSafety_Mode.c,252,150,92,24,15,21,87,558,0,0
C:\Users\admin\Desktop\5_AAF\SX3k\SX3k_SW\src\smc_gen\general\App\Service\Fdl.c,189,146,110,18,41,20,2,85,0,0
C:\Users\admin\Desktop\5_AAF\SX3k\SX3k_SW\src\smc_gen\general\App\Service\Init_Move.c,337,230,148,31,34,8,73,375,0,0
C:\Users\admin\Desktop\5_AAF\SX3k\SX3k_SW\src\smc_gen\general\App\Service\Limp_Home.c,88,77,51,10,8,9,3,19,0,0
C:\Users\admin\Desktop\5_AAF\SX3k\SX3k_SW\src\smc_gen\general\App\Service\Lin_Check.c,612,380,211,45,40,10,192,679,0,0
C:\Users\admin\Desktop\5_AAF\SX3k\SX3k_SW\src\smc_gen\general\App\Service\Lin_Service.c,147,101,57,12,16,7,30,166,0,0
C:\Users\admin\Desktop\5_AAF\SX3k\SX3k_SW\src\smc_gen\general\App\Service\Lin_Sleep.c,380,219,139,18,42,16,119,654,0,0
C:\Users\admin\Desktop\5_AAF\SX3k\SX3k_SW\src\smc_gen\general\App\Service\Motor.c,277,175,91,13,21,9,81,330,0,0
C:\Users\admin\Desktop\5_AAF\SX3k\SX3k_SW\src\smc_gen\general\App\Service\Obd_Check.c,558,505,271,52,29,9,24,49,0,0
C:\Users\admin\Desktop\5_AAF\SX3k\SX3k_SW\src\smc_gen\general\App\Service\Operating_Mode.c,718,519,306,50,92,26,107,545,0,0
C:\Users\admin\Desktop\5_AAF\SX3k\SX3k_SW\src\smc_gen\general\App\Service\Protection_Mode.c,169,110,67,14,10,9,49,272,0,0
C:\Users\admin\Desktop\5_AAF\SX3k\SX3k_SW\src\smc_gen\general\App\Service\Re_Init.c,151,124,80,5,13,3,14,79,0,0
C:\Users\admin\Desktop\5_AAF\SX3k\SX3k_SW\src\smc_gen\general\App\Service\Service.c,120,66,35,6,17,0,37,160,0,0
C:\Users\admin\Desktop\5_AAF\SX3k\SX3k_SW\src\smc_gen\general\App\Service\Spi_Check.c,245,146,83,16,35,3,64,302,0,0
