File,Function,LOC,SLOC-P,SLOC-L,MVG,BLOC,C&SLOC,CLOC,CWORD
C:\Users\admin\Desktop\5_AAF\SX3k\SX3k_SW\src\smc_gen\general\App\r_cg_main.c,main(void),20,14,12,1,4,0,2,22,
C:\Users\admin\Desktop\5_AAF\SX3k\SX3k_SW\src\smc_gen\general\App\r_cg_main.c,r_main_userinit(void),6,4,4,0,0,0,2,22,
C:\Users\admin\Desktop\5_AAF\SX3k\SX3k_SW\src\smc_gen\general\App\r_cg_main.c,AAF_SetType(void),20,11,11,0,5,3,4,20,
C:\Users\admin\Desktop\5_AAF\SX3k\SX3k_SW\src\smc_gen\general\App\r_cg_main.c,AAF_Init(void),26,14,14,0,9,1,3,23,
C:\Users\admin\Desktop\5_AAF\SX3k\SX3k_SW\src\smc_gen\general\App\r_cg_main.c,AAF_App(void),12,5,5,0,3,0,4,21,
C:\Users\admin\Desktop\5_AAF\SX3k\SX3k_SW\src\smc_gen\general\App\Driver\Dio.c,LinTrcv_On(void),2,2,2,0,0,1,0,1,
C:\Users\admin\Desktop\5_AAF\SX3k\SX3k_SW\src\smc_gen\general\App\Driver\Dio.c,LinTrcv_Off(void),2,2,2,0,0,1,0,1,
C:\Users\admin\Desktop\5_AAF\SX3k\SX3k_SW\src\smc_gen\general\App\Driver\Drv8889.c,Drv8889_Init(void),6,6,6,0,0,5,0,5,
C:\Users\admin\Desktop\5_AAF\SX3k\SX3k_SW\src\smc_gen\general\App\Driver\Drv8889.c,Drv8889_Wakeup(void),4,4,4,0,0,3,0,3,
C:\Users\admin\Desktop\5_AAF\SX3k\SX3k_SW\src\smc_gen\general\App\Driver\Drv8889.c,Drv8889_Sleep(void),6,6,6,0,0,5,0,5,
C:\Users\admin\Desktop\5_AAF\SX3k\SX3k_SW\src\smc_gen\general\App\Driver\Drv8889.c,Drv8889_On(void),2,2,2,0,0,1,0,1,
C:\Users\admin\Desktop\5_AAF\SX3k\SX3k_SW\src\smc_gen\general\App\Driver\Drv8889.c,Drv8889_On2(void),2,2,2,0,0,1,0,1,
C:\Users\admin\Desktop\5_AAF\SX3k\SX3k_SW\src\smc_gen\general\App\Driver\Drv8889.c,Drv8889_Off(void),4,4,4,0,0,1,0,1,
C:\Users\admin\Desktop\5_AAF\SX3k\SX3k_SW\src\smc_gen\general\App\Driver\Drv8889.c,Drv8889_Off2(void),4,4,4,0,0,1,0,1,
C:\Users\admin\Desktop\5_AAF\SX3k\SX3k_SW\src\smc_gen\general\App\Driver\Drv8889.c,Drv8889_ScsActive(void),2,2,2,0,0,0,0,0,
C:\Users\admin\Desktop\5_AAF\SX3k\SX3k_SW\src\smc_gen\general\App\Driver\Drv8889.c,Drv8889_SpiInit(void),22,19,15,2,3,0,0,0,
C:\Users\admin\Desktop\5_AAF\SX3k\SX3k_SW\src\smc_gen\general\App\Driver\Drv8889.c,Drv8889_FaultClear(void),12,11,11,0,1,0,0,0,
C:\Users\admin\Desktop\5_AAF\SX3k\SX3k_SW\src\smc_gen\general\App\Driver\Drv8889.c,Drv8889_WaitSpiComplete(void),21,19,13,5,2,2,0,3,
C:\Users\admin\Desktop\5_AAF\SX3k\SX3k_SW\src\smc_gen\general\App\Driver\Drv8889.c,Drv8889_Wait1ms(void),9,9,5,3,0,0,0,0,
C:\Users\admin\Desktop\5_AAF\SX3k\SX3k_SW\src\smc_gen\general\App\Driver\Drv8889.c,Drv8889_WaitUs(uint16_t us_delay),11,11,7,3,0,0,0,0,
C:\Users\admin\Desktop\5_AAF\SX3k\SX3k_SW\src\smc_gen\general\App\Driver\Lin_Driver.c,Lin_SlaveInit(void),70,46,41,0,10,14,14,154,
C:\Users\admin\Desktop\5_AAF\SX3k\SX3k_SW\src\smc_gen\general\App\Driver\Lin_Driver.c,Lin_SlaveReceive(uint8_t Data_length),13,12,8,1,0,5,1,29,
C:\Users\admin\Desktop\5_AAF\SX3k\SX3k_SW\src\smc_gen\general\App\Driver\Lin_Driver.c,"Lin_SlaveTransmit(uint8_t *databuf, uint8_t Data_length)",24,18,12,2,3,7,3,50,
C:\Users\admin\Desktop\5_AAF\SX3k\SX3k_SW\src\smc_gen\general\App\Driver\Lin_Driver.c,Lin_SlaveNoResponse(void),2,2,2,0,0,1,0,5,
C:\Users\admin\Desktop\5_AAF\SX3k\SX3k_SW\src\smc_gen\general\App\Driver\Lin_Driver.c,Lin_ClearDataBuffer(void),11,8,6,1,1,0,2,5,
C:\Users\admin\Desktop\5_AAF\SX3k\SX3k_SW\src\smc_gen\general\App\Driver\Lin_Driver.c,Lin_GetReponseRxData(uint8_t *RxData),12,9,7,1,1,0,2,5,
C:\Users\admin\Desktop\5_AAF\SX3k\SX3k_SW\src\smc_gen\general\App\ISR\Lin_Interrupt.c,Lin_ReceiveComplete_Interrupt(void),26,16,12,2,5,5,5,56,
C:\Users\admin\Desktop\5_AAF\SX3k\SX3k_SW\src\smc_gen\general\App\ISR\Lin_Interrupt.c,Lin_Transmit_Interrupt(void),2,2,2,0,0,0,0,0,
C:\Users\admin\Desktop\5_AAF\SX3k\SX3k_SW\src\smc_gen\general\App\ISR\Lin_Interrupt.c,Lin_Interrupt(void),1,1,1,0,0,0,0,0,
C:\Users\admin\Desktop\5_AAF\SX3k\SX3k_SW\src\smc_gen\general\App\ISR\Lin_Interrupt.c,Lin_Status_Interrupt(void),43,42,32,5,1,2,0,4,
C:\Users\admin\Desktop\5_AAF\SX3k\SX3k_SW\src\smc_gen\general\App\Sensing\Adc_Check.c,ADC_GetStatus(void),117,88,60,11,21,0,8,8,
C:\Users\admin\Desktop\5_AAF\SX3k\SX3k_SW\src\smc_gen\general\App\Sensing\Adc_Check.c,ADC_UpdateVoltStat(void),14,13,7,2,1,1,0,2,
C:\Users\admin\Desktop\5_AAF\SX3k\SX3k_SW\src\smc_gen\general\App\Sensing\Stall_Check.c,"StallCheck_UpdateCounter(unsigned int low_limit, unsigned int high_limit)",28,18,10,3,2,0,8,30,
C:\Users\admin\Desktop\5_AAF\SX3k\SX3k_SW\src\smc_gen\general\App\Sensing\Stall_Check.c,StallCheck_Close(void),15,12,6,1,0,0,3,19,
C:\Users\admin\Desktop\5_AAF\SX3k\SX3k_SW\src\smc_gen\general\App\Sensing\Stall_Check.c,StallCheck_Open(void),15,12,6,1,0,0,3,19,
C:\Users\admin\Desktop\5_AAF\SX3k\SX3k_SW\src\smc_gen\general\App\Sensing\Stall_Check.c,Stall_Check(void),16,15,7,2,0,0,1,1,
C:\Users\admin\Desktop\5_AAF\SX3k\SX3k_SW\src\smc_gen\general\App\Service\AntiPinch.c,Antipinch_PrevOpen(void),149,126,94,14,21,0,2,6,
C:\Users\admin\Desktop\5_AAF\SX3k\SX3k_SW\src\smc_gen\general\App\Service\AntiPinch.c,Antipinch_PrevClose(void),203,166,130,17,35,0,2,4,
C:\Users\admin\Desktop\5_AAF\SX3k\SX3k_SW\src\smc_gen\general\App\Service\AntiPinch.c,Antipinch_Move(void),20,18,10,2,1,0,1,1,
C:\Users\admin\Desktop\5_AAF\SX3k\SX3k_SW\src\smc_gen\general\App\Service\Error_Check.c,Error_CheckAfterIGN(void),12,12,8,2,0,0,0,0,
C:\Users\admin\Desktop\5_AAF\SX3k\SX3k_SW\src\smc_gen\general\App\Service\Error_Check.c,Error_Check(void),42,30,18,4,6,0,6,24,
C:\Users\admin\Desktop\5_AAF\SX3k\SX3k_SW\src\smc_gen\general\App\Service\Error_Check.c,Error_UnknownStatus(void),15,15,15,0,0,0,0,0,
C:\Users\admin\Desktop\5_AAF\SX3k\SX3k_SW\src\smc_gen\general\App\Service\Error_Check.c,Error_CheckVoltage(void),108,101,65,18,5,0,2,10,
C:\Users\admin\Desktop\5_AAF\SX3k\SX3k_SW\src\smc_gen\general\App\Service\Error_Check.c,Error_CheckMotorFault(void),12,11,7,1,0,3,1,25,
C:\Users\admin\Desktop\5_AAF\SX3k\SX3k_SW\src\smc_gen\general\App\Service\Error_Check.c,Error_CheckShort(void),62,59,41,6,1,0,2,2,
C:\Users\admin\Desktop\5_AAF\SX3k\SX3k_SW\src\smc_gen\general\App\Service\Error_Check.c,Error_CheckOpen(void),68,61,41,6,4,0,3,3,
C:\Users\admin\Desktop\5_AAF\SX3k\SX3k_SW\src\smc_gen\general\App\Service\FailSafety_Mode.c,FS_MotorOpenStart(unsigned int next_step),14,14,14,0,0,7,0,21,
C:\Users\admin\Desktop\5_AAF\SX3k\SX3k_SW\src\smc_gen\general\App\Service\FailSafety_Mode.c,FS_CheckStallStop(unsigned int next_step),14,14,12,1,0,1,0,3,
C:\Users\admin\Desktop\5_AAF\SX3k\SX3k_SW\src\smc_gen\general\App\Service\FailSafety_Mode.c,FS_Wait3m(unsigned int next_step),11,10,8,1,1,0,0,0,
C:\Users\admin\Desktop\5_AAF\SX3k\SX3k_SW\src\smc_gen\general\App\Service\FailSafety_Mode.c,FS_ReInit(unsigned int next_step),3,3,3,0,0,0,0,0,
C:\Users\admin\Desktop\5_AAF\SX3k\SX3k_SW\src\smc_gen\general\App\Service\FailSafety_Mode.c,FS_CheckInitComplete(void),9,9,7,1,0,0,0,0,
C:\Users\admin\Desktop\5_AAF\SX3k\SX3k_SW\src\smc_gen\general\App\Service\FailSafety_Mode.c,FS_FinalErrorSet(void),5,5,5,0,0,0,0,0,
C:\Users\admin\Desktop\5_AAF\SX3k\SX3k_SW\src\smc_gen\general\App\Service\FailSafety_Mode.c,FS_Cycle1(void),21,21,13,7,0,5,0,24,
C:\Users\admin\Desktop\5_AAF\SX3k\SX3k_SW\src\smc_gen\general\App\Service\FailSafety_Mode.c,FS_Cycle2(void),21,21,13,7,0,5,0,24,
C:\Users\admin\Desktop\5_AAF\SX3k\SX3k_SW\src\smc_gen\general\App\Service\FailSafety_Mode.c,FS_Cycle3(void),15,15,9,5,0,3,0,17,
C:\Users\admin\Desktop\5_AAF\SX3k\SX3k_SW\src\smc_gen\general\App\Service\FailSafety_Mode.c,FailSafety_Mode(void),19,16,8,2,0,0,3,21,
C:\Users\admin\Desktop\5_AAF\SX3k\SX3k_SW\src\smc_gen\general\App\Service\Fdl.c,FDL_Init(void),19,17,11,4,2,1,0,1,
C:\Users\admin\Desktop\5_AAF\SX3k\SX3k_SW\src\smc_gen\general\App\Service\Fdl.c,FDL_Write(void),102,78,66,8,23,18,1,81,
C:\Users\admin\Desktop\5_AAF\SX3k\SX3k_SW\src\smc_gen\general\App\Service\Fdl.c,FDL_Read(void),56,43,33,6,12,1,1,3,
C:\Users\admin\Desktop\5_AAF\SX3k\SX3k_SW\src\smc_gen\general\App\Service\Init_Move.c,OBD_Init(void),18,13,7,0,2,0,3,3,
C:\Users\admin\Desktop\5_AAF\SX3k\SX3k_SW\src\smc_gen\general\App\Service\Init_Move.c,"Init_StartMotor(uint8_t next_step, uint8_t dir, uint8_t is_case0)",27,21,19,2,4,0,2,6,
C:\Users\admin\Desktop\5_AAF\SX3k\SX3k_SW\src\smc_gen\general\App\Service\Init_Move.c,"Init_StallCheck(uint8_t next_step, uint8_t retry_step, uint8_t dir)",51,36,24,4,6,1,9,27,
C:\Users\admin\Desktop\5_AAF\SX3k\SX3k_SW\src\smc_gen\general\App\Service\Init_Move.c,Init_Delay(uint8_t next_step),12,10,8,1,2,0,0,0,
C:\Users\admin\Desktop\5_AAF\SX3k\SX3k_SW\src\smc_gen\general\App\Service\Init_Move.c,Init_MoveLimitPosition(void),22,16,12,1,3,6,3,33,
C:\Users\admin\Desktop\5_AAF\SX3k\SX3k_SW\src\smc_gen\general\App\Service\Init_Move.c,Init_CheckLimitArrival(void),49,42,31,4,4,0,3,7,
C:\Users\admin\Desktop\5_AAF\SX3k\SX3k_SW\src\smc_gen\general\App\Service\Init_Move.c,InitMove_Cycle1(void),27,27,17,9,0,1,0,3,
C:\Users\admin\Desktop\5_AAF\SX3k\SX3k_SW\src\smc_gen\general\App\Service\Init_Move.c,InitMove_Cycle2(void),38,36,25,9,0,0,2,24,
C:\Users\admin\Desktop\5_AAF\SX3k\SX3k_SW\src\smc_gen\general\App\Service\Init_Move.c,Init_move(void),9,9,5,1,0,0,0,0,
C:\Users\admin\Desktop\5_AAF\SX3k\SX3k_SW\src\smc_gen\general\App\Service\Limp_Home.c,Limp_Home(void),81,73,51,10,5,9,3,19,
C:\Users\admin\Desktop\5_AAF\SX3k\SX3k_SW\src\smc_gen\general\App\Service\Lin_Check.c,Lin_UpdateCommand(unsigned int target_select),30,30,19,10,0,0,0,0,
C:\Users\admin\Desktop\5_AAF\SX3k\SX3k_SW\src\smc_gen\general\App\Service\Lin_Check.c,Lin_TranslateRxData(void),10,10,6,2,0,0,0,0,
C:\Users\admin\Desktop\5_AAF\SX3k\SX3k_SW\src\smc_gen\general\App\Service\Lin_Check.c,Lin_CheckAAF1RxData(void),59,52,24,5,4,0,3,3,
C:\Users\admin\Desktop\5_AAF\SX3k\SX3k_SW\src\smc_gen\general\App\Service\Lin_Check.c,Lin_CheckAAF2RxData(void),53,49,23,5,2,0,2,2,
C:\Users\admin\Desktop\5_AAF\SX3k\SX3k_SW\src\smc_gen\general\App\Service\Lin_Check.c,Lin_CheckAAF3RxData(void),53,49,23,5,2,0,2,2,
C:\Users\admin\Desktop\5_AAF\SX3k\SX3k_SW\src\smc_gen\general\App\Service\Lin_Check.c,Protection_OffMode(void),43,39,25,3,3,0,1,1,
C:\Users\admin\Desktop\5_AAF\SX3k\SX3k_SW\src\smc_gen\general\App\Service\Lin_Check.c,Protection_OnMode(void),7,6,4,1,1,0,0,0,
C:\Users\admin\Desktop\5_AAF\SX3k\SX3k_SW\src\smc_gen\general\App\Service\Lin_Check.c,Lin_RxCheck(void),21,17,9,2,2,1,2,9,
C:\Users\admin\Desktop\5_AAF\SX3k\SX3k_SW\src\smc_gen\general\App\Service\Lin_Check.c,Lin_TxCheck(void),179,39,30,8,7,0,133,405,
C:\Users\admin\Desktop\5_AAF\SX3k\SX3k_SW\src\smc_gen\general\App\Service\Lin_Check.c,Lin_DiagRx(void),20,20,10,2,0,2,0,5,
C:\Users\admin\Desktop\5_AAF\SX3k\SX3k_SW\src\smc_gen\general\App\Service\Lin_Check.c,Lin_DiagAction(void),31,30,22,1,0,2,1,4,
C:\Users\admin\Desktop\5_AAF\SX3k\SX3k_SW\src\smc_gen\general\App\Service\Lin_Check.c,Lin_BusCheck(void),23,18,16,1,5,5,0,10,
C:\Users\admin\Desktop\5_AAF\SX3k\SX3k_SW\src\smc_gen\general\App\Service\Lin_Service.c,Lin_HandleReceivedHeader(void),26,24,14,1,2,6,0,8,
C:\Users\admin\Desktop\5_AAF\SX3k\SX3k_SW\src\smc_gen\general\App\Service\Lin_Service.c,Lin_HandleReceivedResponse(void),15,14,9,4,1,1,0,5,
C:\Users\admin\Desktop\5_AAF\SX3k\SX3k_SW\src\smc_gen\general\App\Service\Lin_Service.c,Lin_CalculateVerifyChecksum(uint8_t is_response_received),44,35,20,5,7,0,2,4,
C:\Users\admin\Desktop\5_AAF\SX3k\SX3k_SW\src\smc_gen\general\App\Service\Lin_Service.c,Lin_Wakeup(void),20,18,14,2,2,0,0,0,
C:\Users\admin\Desktop\5_AAF\SX3k\SX3k_SW\src\smc_gen\general\App\Service\Lin_Sleep.c,LinSleep_StopMotorAndReset(void),7,7,7,0,0,0,0,0,
C:\Users\admin\Desktop\5_AAF\SX3k\SX3k_SW\src\smc_gen\general\App\Service\Lin_Sleep.c,LinSleep_Reset(void),8,5,5,0,2,0,1,5,
C:\Users\admin\Desktop\5_AAF\SX3k\SX3k_SW\src\smc_gen\general\App\Service\Lin_Sleep.c,LinSleep_Delay(void),9,8,6,1,1,0,0,0,
C:\Users\admin\Desktop\5_AAF\SX3k\SX3k_SW\src\smc_gen\general\App\Service\Lin_Sleep.c,LinSleep_ParsingCommand(void),30,27,15,2,1,0,2,2,
C:\Users\admin\Desktop\5_AAF\SX3k\SX3k_SW\src\smc_gen\general\App\Service\Lin_Sleep.c,LinSleep_Cycle1(void),15,15,9,5,0,0,0,0,
C:\Users\admin\Desktop\5_AAF\SX3k\SX3k_SW\src\smc_gen\general\App\Service\Lin_Sleep.c,LinSleep_StartMotor(void),29,27,21,1,2,0,0,0,
C:\Users\admin\Desktop\5_AAF\SX3k\SX3k_SW\src\smc_gen\general\App\Service\Lin_Sleep.c,LinSleep_CheckCompletion(void),44,34,26,1,6,3,4,25,
C:\Users\admin\Desktop\5_AAF\SX3k\SX3k_SW\src\smc_gen\general\App\Service\Lin_Sleep.c,LinSleep_Final(void),9,9,7,1,0,0,0,0,
C:\Users\admin\Desktop\5_AAF\SX3k\SX3k_SW\src\smc_gen\general\App\Service\Lin_Sleep.c,LinSleep_Cycle2(void),15,15,9,5,0,0,0,0,
C:\Users\admin\Desktop\5_AAF\SX3k\SX3k_SW\src\smc_gen\general\App\Service\Lin_Sleep.c,Lin_Sleep(void),11,9,5,1,0,0,2,18,
C:\Users\admin\Desktop\5_AAF\SX3k\SX3k_SW\src\smc_gen\general\App\Service\Lin_Sleep.c,MCU_Sleep(void),22,11,9,1,5,0,6,40,
C:\Users\admin\Desktop\5_AAF\SX3k\SX3k_SW\src\smc_gen\general\App\Service\Lin_Sleep.c,McuSleep_ExternalOff(void),4,4,4,0,0,3,0,12,
C:\Users\admin\Desktop\5_AAF\SX3k\SX3k_SW\src\smc_gen\general\App\Service\Lin_Sleep.c,McuSleep_PortConfig(void),7,4,4,0,1,1,2,18,
C:\Users\admin\Desktop\5_AAF\SX3k\SX3k_SW\src\smc_gen\general\App\Service\Lin_Sleep.c,McuSleep_InternalModuleStop(void),11,8,8,0,2,6,1,22,
C:\Users\admin\Desktop\5_AAF\SX3k\SX3k_SW\src\smc_gen\general\App\Service\Lin_Sleep.c,McuSleep_DeepStop(void),5,4,4,0,1,3,0,14,
C:\Users\admin\Desktop\5_AAF\SX3k\SX3k_SW\src\smc_gen\general\App\Service\Motor.c,App_MotorAction(void),13,10,6,2,1,0,2,12,
C:\Users\admin\Desktop\5_AAF\SX3k\SX3k_SW\src\smc_gen\general\App\Service\Motor.c,Motor_Action(void),16,11,7,1,2,0,3,14,
C:\Users\admin\Desktop\5_AAF\SX3k\SX3k_SW\src\smc_gen\general\App\Service\Motor.c,Motor_ManageStartStatus(void),18,17,11,1,0,0,1,1,
C:\Users\admin\Desktop\5_AAF\SX3k\SX3k_SW\src\smc_gen\general\App\Service\Motor.c,Motor_SoftStart(void),36,28,18,2,4,1,4,10,
C:\Users\admin\Desktop\5_AAF\SX3k\SX3k_SW\src\smc_gen\general\App\Service\Motor.c,Motor_StagedSoftStart(void),25,1,1,0,0,0,24,74,
C:\Users\admin\Desktop\5_AAF\SX3k\SX3k_SW\src\smc_gen\general\App\Service\Motor.c,Motor_GenerateStepPulse(void),34,30,16,3,2,0,2,2,
C:\Users\admin\Desktop\5_AAF\SX3k\SX3k_SW\src\smc_gen\general\App\Service\Motor.c,Motor_Open(void),14,14,8,1,0,2,0,2,
C:\Users\admin\Desktop\5_AAF\SX3k\SX3k_SW\src\smc_gen\general\App\Service\Motor.c,Motor_Open2(void),15,14,8,1,0,2,1,3,
C:\Users\admin\Desktop\5_AAF\SX3k\SX3k_SW\src\smc_gen\general\App\Service\Motor.c,Motor_Close(void),15,14,8,1,0,2,1,3,
C:\Users\admin\Desktop\5_AAF\SX3k\SX3k_SW\src\smc_gen\general\App\Service\Motor.c,Motor_Close2(void),15,14,8,1,0,2,1,3,
C:\Users\admin\Desktop\5_AAF\SX3k\SX3k_SW\src\smc_gen\general\App\Service\Obd_Check.c,Obd_CheckSensor1(void),35,35,23,4,0,0,0,0,
C:\Users\admin\Desktop\5_AAF\SX3k\SX3k_SW\src\smc_gen\general\App\Service\Obd_Check.c,Obd_CheckSensor2(void),35,35,23,4,0,0,0,0,
C:\Users\admin\Desktop\5_AAF\SX3k\SX3k_SW\src\smc_gen\general\App\Service\Obd_Check.c,Obd_CheckSensor3(void),35,35,23,4,0,0,0,0,
C:\Users\admin\Desktop\5_AAF\SX3k\SX3k_SW\src\smc_gen\general\App\Service\Obd_Check.c,Obd_HandleErrorMove(void),37,35,23,6,1,7,1,13,
C:\Users\admin\Desktop\5_AAF\SX3k\SX3k_SW\src\smc_gen\general\App\Service\Obd_Check.c,Obd_CheckRecovery(void),30,30,16,4,0,0,0,0,
C:\Users\admin\Desktop\5_AAF\SX3k\SX3k_SW\src\smc_gen\general\App\Service\Obd_Check.c,Obd_CheckSensor1Stat(void),39,36,18,3,0,0,3,3,
C:\Users\admin\Desktop\5_AAF\SX3k\SX3k_SW\src\smc_gen\general\App\Service\Obd_Check.c,Obd_CheckSensor2Stat(void),39,36,18,3,0,0,3,3,
C:\Users\admin\Desktop\5_AAF\SX3k\SX3k_SW\src\smc_gen\general\App\Service\Obd_Check.c,Obd_CheckSensor3Stat(void),39,36,18,3,0,0,3,3,
C:\Users\admin\Desktop\5_AAF\SX3k\SX3k_SW\src\smc_gen\general\App\Service\Obd_Check.c,Obd_DiagStatCheck(void),22,20,10,2,1,0,1,1,
C:\Users\admin\Desktop\5_AAF\SX3k\SX3k_SW\src\smc_gen\general\App\Service\Obd_Check.c,Obd_ErrorOperation(void),21,20,10,2,0,0,1,1,
C:\Users\admin\Desktop\5_AAF\SX3k\SX3k_SW\src\smc_gen\general\App\Service\Obd_Check.c,Obd_ClearAllTimers(void),7,7,7,0,0,0,0,0,
C:\Users\admin\Desktop\5_AAF\SX3k\SX3k_SW\src\smc_gen\general\App\Service\Obd_Check.c,Obd_ClearAllErrors(void),7,7,7,0,0,0,0,0,
C:\Users\admin\Desktop\5_AAF\SX3k\SX3k_SW\src\smc_gen\general\App\Service\Obd_Check.c,Obd_RecoveryReset(void),13,13,13,0,0,0,0,0,
C:\Users\admin\Desktop\5_AAF\SX3k\SX3k_SW\src\smc_gen\general\App\Service\Obd_Check.c,Obd_PositionStat1(void),44,40,20,5,2,0,2,2,
C:\Users\admin\Desktop\5_AAF\SX3k\SX3k_SW\src\smc_gen\general\App\Service\Obd_Check.c,Obd_PositionStat2(void),47,43,21,6,2,0,2,2,
C:\Users\admin\Desktop\5_AAF\SX3k\SX3k_SW\src\smc_gen\general\App\Service\Obd_Check.c,Obd_PositionStat3(void),47,43,21,6,2,0,2,2,
C:\Users\admin\Desktop\5_AAF\SX3k\SX3k_SW\src\smc_gen\general\App\Service\Operating_Mode.c,Operating_Mode(void),44,24,15,8,19,0,1,2,
C:\Users\admin\Desktop\5_AAF\SX3k\SX3k_SW\src\smc_gen\general\App\Service\Operating_Mode.c,Operate_Waiting(void),14,12,6,1,1,0,1,1,
C:\Users\admin\Desktop\5_AAF\SX3k\SX3k_SW\src\smc_gen\general\App\Service\Operating_Mode.c,Operate_SetupAction(void),53,45,24,3,6,3,2,14,
C:\Users\admin\Desktop\5_AAF\SX3k\SX3k_SW\src\smc_gen\general\App\Service\Operating_Mode.c,Operate_Action(unsigned int action),8,7,7,0,1,0,0,0,
C:\Users\admin\Desktop\5_AAF\SX3k\SX3k_SW\src\smc_gen\general\App\Service\Operating_Mode.c,Operate_SetupAutoAction(void),20,17,11,1,2,0,1,1,
C:\Users\admin\Desktop\5_AAF\SX3k\SX3k_SW\src\smc_gen\general\App\Service\Operating_Mode.c,Operate_Process(void),14,12,7,1,2,0,0,0,
C:\Users\admin\Desktop\5_AAF\SX3k\SX3k_SW\src\smc_gen\general\App\Service\Operating_Mode.c,Operate_NomalProcess(void),55,52,26,5,2,0,1,1,
C:\Users\admin\Desktop\5_AAF\SX3k\SX3k_SW\src\smc_gen\general\App\Service\Operating_Mode.c,Operate_NomalAction(unsigned int direction),16,13,13,2,3,0,0,0,
C:\Users\admin\Desktop\5_AAF\SX3k\SX3k_SW\src\smc_gen\general\App\Service\Operating_Mode.c,Operate_DiagProcess(void),21,20,10,1,0,2,1,3,
C:\Users\admin\Desktop\5_AAF\SX3k\SX3k_SW\src\smc_gen\general\App\Service\Operating_Mode.c,"Operate_DiagAction(unsigned int direction, unsigned int is_auto)",22,16,14,3,5,0,1,3,
C:\Users\admin\Desktop\5_AAF\SX3k\SX3k_SW\src\smc_gen\general\App\Service\Operating_Mode.c,Operate_CheckRange(void),50,49,32,1,1,1,0,0,
C:\Users\admin\Desktop\5_AAF\SX3k\SX3k_SW\src\smc_gen\general\App\Service\Operating_Mode.c,Operate_SelectAAFxMode(void),27,25,14,3,2,0,0,0,
C:\Users\admin\Desktop\5_AAF\SX3k\SX3k_SW\src\smc_gen\general\App\Service\Operating_Mode.c,Operate_SelectTxPostion(void),17,16,8,1,0,0,1,1,
C:\Users\admin\Desktop\5_AAF\SX3k\SX3k_SW\src\smc_gen\general\App\Service\Operating_Mode.c,Operate_HandleStall(void),37,32,22,2,3,3,2,18,
C:\Users\admin\Desktop\5_AAF\SX3k\SX3k_SW\src\smc_gen\general\App\Service\Operating_Mode.c,Operate_CheckCondition(void),30,24,18,1,5,4,1,7,
C:\Users\admin\Desktop\5_AAF\SX3k\SX3k_SW\src\smc_gen\general\App\Service\Operating_Mode.c,Operate_Init(void),41,30,19,8,11,0,0,0,
C:\Users\admin\Desktop\5_AAF\SX3k\SX3k_SW\src\smc_gen\general\App\Service\Operating_Mode.c,Operate_Finish(void),59,52,38,3,5,10,2,21,
C:\Users\admin\Desktop\5_AAF\SX3k\SX3k_SW\src\smc_gen\general\App\Service\Operating_Mode.c,Torque_TestMode(void),37,36,22,6,1,3,0,3,
C:\Users\admin\Desktop\5_AAF\SX3k\SX3k_SW\src\smc_gen\general\App\Service\Protection_Mode.c,Proteciton_Reset(void),9,9,9,0,0,1,0,2,
C:\Users\admin\Desktop\5_AAF\SX3k\SX3k_SW\src\smc_gen\general\App\Service\Protection_Mode.c,Protection_Delay(void),7,7,5,1,0,0,0,0,
C:\Users\admin\Desktop\5_AAF\SX3k\SX3k_SW\src\smc_gen\general\App\Service\Protection_Mode.c,Protection_StartMotor(void),19,17,13,1,0,7,2,47,
C:\Users\admin\Desktop\5_AAF\SX3k\SX3k_SW\src\smc_gen\general\App\Service\Protection_Mode.c,Protection_StallCheck(void),17,16,14,1,0,1,1,10,
C:\Users\admin\Desktop\5_AAF\SX3k\SX3k_SW\src\smc_gen\general\App\Service\Protection_Mode.c,Protection_UpdateFinal(void),5,4,4,0,0,0,1,1,
C:\Users\admin\Desktop\5_AAF\SX3k\SX3k_SW\src\smc_gen\general\App\Service\Protection_Mode.c,Protection_Cycle1(void),12,12,7,4,0,0,0,0,
C:\Users\admin\Desktop\5_AAF\SX3k\SX3k_SW\src\smc_gen\general\App\Service\Protection_Mode.c,Protection_Cycle2(void),15,15,9,5,0,0,0,0,
C:\Users\admin\Desktop\5_AAF\SX3k\SX3k_SW\src\smc_gen\general\App\Service\Protection_Mode.c,Protection_Mode(void),14,12,6,2,0,0,2,14,
C:\Users\admin\Desktop\5_AAF\SX3k\SX3k_SW\src\smc_gen\general\App\Service\Re_Init.c,Re_Init(void),24,23,23,0,0,3,1,16,
C:\Users\admin\Desktop\5_AAF\SX3k\SX3k_SW\src\smc_gen\general\App\Service\Re_Init.c,Step_LoadData(void),20,19,19,0,0,0,1,2,
C:\Users\admin\Desktop\5_AAF\SX3k\SX3k_SW\src\smc_gen\general\App\Service\Re_Init.c,Step_Check(void),64,52,24,2,5,0,7,36,
C:\Users\admin\Desktop\5_AAF\SX3k\SX3k_SW\src\smc_gen\general\App\Service\Re_Init.c,Step_InitAndCheck(void),22,20,14,3,2,0,0,0,
C:\Users\admin\Desktop\5_AAF\SX3k\SX3k_SW\src\smc_gen\general\App\Service\Service.c,App_HwCheck(void),4,3,3,0,1,0,0,0,
C:\Users\admin\Desktop\5_AAF\SX3k\SX3k_SW\src\smc_gen\general\App\Service\Service.c,App_SwLogic(void),15,5,5,0,4,0,6,32,
C:\Users\admin\Desktop\5_AAF\SX3k\SX3k_SW\src\smc_gen\general\App\Service\Service.c,Mode_Check(void),36,29,15,3,2,0,5,9,
C:\Users\admin\Desktop\5_AAF\SX3k\SX3k_SW\src\smc_gen\general\App\Service\Service.c,Communication_Check(void),4,4,4,0,0,0,0,0,
C:\Users\admin\Desktop\5_AAF\SX3k\SX3k_SW\src\smc_gen\general\App\Service\Service.c,Safety_Check(void),21,14,8,3,3,0,4,14,
C:\Users\admin\Desktop\5_AAF\SX3k\SX3k_SW\src\smc_gen\general\App\Service\Spi_Check.c,SpiCheck_ExecuteVoltageChange(void),30,27,19,1,2,1,1,3,
C:\Users\admin\Desktop\5_AAF\SX3k\SX3k_SW\src\smc_gen\general\App\Service\Spi_Check.c,SpiCheck_SendCommand(void),6,4,4,0,2,1,0,2,
C:\Users\admin\Desktop\5_AAF\SX3k\SX3k_SW\src\smc_gen\general\App\Service\Spi_Check.c,SpiCheck_Delay(void),28,17,13,2,7,1,4,13,
C:\Users\admin\Desktop\5_AAF\SX3k\SX3k_SW\src\smc_gen\general\App\Service\Spi_Check.c,SpiCheck_Delay2(void),10,8,6,1,2,0,0,0,
C:\Users\admin\Desktop\5_AAF\SX3k\SX3k_SW\src\smc_gen\general\App\Service\Spi_Check.c,SpiCheck_HandleData(void),17,14,10,1,3,0,0,0,
C:\Users\admin\Desktop\5_AAF\SX3k\SX3k_SW\src\smc_gen\general\App\Service\Spi_Check.c,SpiCheck_Init(void),26,20,10,2,2,0,4,17,
C:\Users\admin\Desktop\5_AAF\SX3k\SX3k_SW\src\smc_gen\general\App\Service\Spi_Check.c,SpiCheck_CurrentLimitingSelect(void),21,20,10,3,0,0,1,1,
C:\Users\admin\Desktop\5_AAF\SX3k\SX3k_SW\src\smc_gen\general\App\Service\Spi_Check.c,Spi_Check(void),24,18,11,6,5,0,1,1,
